case_id,citation_str,court,date_decided,judge,full_text_path
107160,383 U.S. 1,scotus,1966-02-21,Clark,C:\Users\eshan\OneDrive\Desktop\projects\stanny\stanAIxLaw\data\raw\cases\107160.json
118019,517 U.S. 370,scotus,1996-04-29,Souter,C:\Users\eshan\OneDrive\Desktop\projects\stanny\stanAIxLaw\data\raw\cases\118019.json
145737,550 U.S. 398,scotus,2007-04-30,Kennedy,C:\Users\eshan\OneDrive\Desktop\projects\stanny\stanAIxLaw\data\raw\cases\145737.json
2679558,573 U.S. 208,scotus,2014-06-19,,C:\Users\eshan\OneDrive\Desktop\projects\stanny\stanAIxLaw\data\raw\cases\2679558.json
2751497,772 F.3d 709,cafc,2014-11-14,,C:\Users\eshan\OneDrive\Desktop\projects\stanny\stanAIxLaw\data\raw\cases\2751497.json
2757944,773 F.3d 1245,cafc,2014-12-05,Wallach,C:\Users\eshan\OneDrive\Desktop\projects\stanny\stanAIxLaw\data\raw\cases\2757944.json
2808717,792 F.3d 1339,cafc,2015-06-16,Newman,C:\Users\eshan\OneDrive\Desktop\projects\stanny\stanAIxLaw\data\raw\cases\2808717.json
3202929,822 F.3d 1327,cafc,2016-05-12,Hughes,C:\Users\eshan\OneDrive\Desktop\projects\stanny\stanAIxLaw\data\raw\cases\3202929.json
3204019,823 F.3d 607,cafc,2016-05-17,Hughes,C:\Users\eshan\OneDrive\Desktop\projects\stanny\stanAIxLaw\data\raw\cases\3204019.json
3219449,827 F.3d 1341,cafc,2016-06-27,Newman,C:\Users\eshan\OneDrive\Desktop\projects\stanny\stanAIxLaw\data\raw\cases\3219449.json
4020383,830 F.3d 1350,cafc,2016-08-01,Taranto,C:\Users\eshan\OneDrive\Desktop\projects\stanny\stanAIxLaw\data\raw\cases\4020383.json
4033181,837 F.3d 1299,cafc,2016-09-13,Reyna,C:\Users\eshan\OneDrive\Desktop\projects\stanny\stanAIxLaw\data\raw\cases\4033181.json
4033559,837 F.3d 1299,cafc,2016-09-13,,C:\Users\eshan\OneDrive\Desktop\projects\stanny\stanAIxLaw\data\raw\cases\4033559.json
4094335,841 F.3d 1288,cafc,2016-11-01,Newman,C:\Users\eshan\OneDrive\Desktop\projects\stanny\stanAIxLaw\data\raw\cases\4094335.json
4151013,850 F.3d 1343,cafc,2017-03-08,Moore,C:\Users\eshan\OneDrive\Desktop\projects\stanny\stanAIxLaw\data\raw\cases\4151013.json
4195898,867 F.3d 1253,cafc,2017-08-15,O'Malley,C:\Users\eshan\OneDrive\Desktop\projects\stanny\stanAIxLaw\data\raw\cases\4195898.json
4235611,879 F.3d 1299,cafc,2018-01-10,Dyk,C:\Users\eshan\OneDrive\Desktop\projects\stanny\stanAIxLaw\data\raw\cases\4235611.json
4239176,880 F.3d 1356,cafc,2018-01-25,Moore,C:\Users\eshan\OneDrive\Desktop\projects\stanny\stanAIxLaw\data\raw\cases\4239176.json
4243359,881 F.3d 1360,cafc,2018-02-08,Moore,C:\Users\eshan\OneDrive\Desktop\projects\stanny\stanAIxLaw\data\raw\cases\4243359.json
4244880,882 F.3d 1121,cafc,2018-02-14,Reyna,C:\Users\eshan\OneDrive\Desktop\projects\stanny\stanAIxLaw\data\raw\cases\4244880.json
4266029,887 F.3d 1376,cafc,2018-04-20,Lourie,C:\Users\eshan\OneDrive\Desktop\projects\stanny\stanAIxLaw\data\raw\cases\4266029.json
4342333,908 F.3d 1343,cafc,2018-11-16,Taranto,C:\Users\eshan\OneDrive\Desktop\projects\stanny\stanAIxLaw\data\raw\cases\4342333.json
4378736,930 F.3d 1295,cafc,2019-03-20,Lourie,C:\Users\eshan\OneDrive\Desktop\projects\stanny\stanAIxLaw\data\raw\cases\4378736.json
4388510,921 F.3d 1084,cafc,2019-04-18,Moore,C:\Users\eshan\OneDrive\Desktop\projects\stanny\stanAIxLaw\data\raw\cases\4388510.json
4409901,927 F.3d 1306,cafc,2019-06-25,O'Malley,C:\Users\eshan\OneDrive\Desktop\projects\stanny\stanAIxLaw\data\raw\cases\4409901.json
625710,566 U.S. 66,scotus,2012-03-20,Breyer,C:\Users\eshan\OneDrive\Desktop\projects\stanny\stanAIxLaw\data\raw\cases\625710.json
791122,415 F.3d 1303,cafc,2006-02-21,Michel,C:\Users\eshan\OneDrive\Desktop\projects\stanny\stanAIxLaw\data\raw\cases\791122.json
8415477,918 F.3d 1368,cafc,2019-03-20,Lourie,C:\Users\eshan\OneDrive\Desktop\projects\stanny\stanAIxLaw\data\raw\cases\8415477.json
902266,569 U.S. 576,scotus,2013-06-13,,C:\Users\eshan\OneDrive\Desktop\projects\stanny\stanAIxLaw\data\raw\cases\902266.json
902772,569 U.S. 576,scotus,2013-06-13,Thomas,C:\Users\eshan\OneDrive\Desktop\projects\stanny\stanAIxLaw\data\raw\cases\902772.json
4661158,987 F.3d 1375,cafc,2021-02-18,,C:\Users\eshan\OneDrive\Desktop\projects\stanny\stanAIxLaw\data\raw\cases\4661158.json
6651038,52 Fed. Cl. 1831,cafc,2002-05-28,Kennedy,C:\Users\eshan\OneDrive\Desktop\projects\stanny\stanAIxLaw\data\raw\cases\6651038.json
9225759,547 U.S. 388,scotus,2006-05-15,Thomas,C:\Users\eshan\OneDrive\Desktop\projects\stanny\stanAIxLaw\data\raw\cases\9225759.json
2833034,800 F.3d 1340,cafc,2015-09-02,Prost,C:\Users\eshan\OneDrive\Desktop\projects\stanny\stanAIxLaw\data\raw\cases\2833034.json
4703137,4 F.4th 1342,cafc,2021-07-13,,C:\Users\eshan\OneDrive\Desktop\projects\stanny\stanAIxLaw\data\raw\cases\4703137.json
2676591,572 U.S. 898,scotus,2014-06-02,,C:\Users\eshan\OneDrive\Desktop\projects\stanny\stanAIxLaw\data\raw\cases\2676591.json
4310945,903 F.3d 1286,cafc,2018-09-10,Moore,C:\Users\eshan\OneDrive\Desktop\projects\stanny\stanAIxLaw\data\raw\cases\4310945.json
4279966,890 F.3d 1354,cafc,2018-05-31,Per Curiam,C:\Users\eshan\OneDrive\Desktop\projects\stanny\stanAIxLaw\data\raw\cases\4279966.json
8415448,926 F.3d 1362,cafc,2019-06-20,Taranto,C:\Users\eshan\OneDrive\Desktop\projects\stanny\stanAIxLaw\data\raw\cases\8415448.json
810,594 F.3d 860,cafc,2010-02-05,Newman,C:\Users\eshan\OneDrive\Desktop\projects\stanny\stanAIxLaw\data\raw\cases\810.json
599,598 F.3d 1336,cafc,2010-03-22,Michel,C:\Users\eshan\OneDrive\Desktop\projects\stanny\stanAIxLaw\data\raw\cases\599.json
4174307,858 F.3d 1371,cafc,2017-06-05,Newman,C:\Users\eshan\OneDrive\Desktop\projects\stanny\stanAIxLaw\data\raw\cases\4174307.json
4080571,839 F.3d 1034,cafc,2016-10-07,Prost,C:\Users\eshan\OneDrive\Desktop\projects\stanny\stanAIxLaw\data\raw\cases\4080571.json
3179531,813 F.3d 1326,ca10,2016-02-23,Phillips,C:\Users\eshan\OneDrive\Desktop\projects\stanny\stanAIxLaw\data\raw\cases\3179531.json
145655,547 U.S. 388,scotus,2006-05-15,Thomas,C:\Users\eshan\OneDrive\Desktop\projects\stanny\stanAIxLaw\data\raw\cases\145655.json
118092,520 U.S. 17,scotus,1997-03-03,Thomas,C:\Users\eshan\OneDrive\Desktop\projects\stanny\stanAIxLaw\data\raw\cases\118092.json
2744538,769 F.3d 1371,cafc,2014-10-22,Lourie,C:\Users\eshan\OneDrive\Desktop\projects\stanny\stanAIxLaw\data\raw\cases\2744538.json
2679203,572 U.S. 898,scotus,2014-06-02,Ginsburg,C:\Users\eshan\OneDrive\Desktop\projects\stanny\stanAIxLaw\data\raw\cases\2679203.json
4298522,898 F.3d 1177,cafc,2018-07-27,Stoll,C:\Users\eshan\OneDrive\Desktop\projects\stanny\stanAIxLaw\data\raw\cases\4298522.json
4961246,14 F.4th 1313,cafc,2021-09-24,,C:\Users\eshan\OneDrive\Desktop\projects\stanny\stanAIxLaw\data\raw\cases\4961246.json
9225758,547 U.S. 388,scotus,2006-05-15,Thomas,C:\Users\eshan\OneDrive\Desktop\projects\stanny\stanAIxLaw\data\raw\cases\9225758.json
118510,535 U.S. 722,scotus,2002-05-28,Kennedy,C:\Users\eshan\OneDrive\Desktop\projects\stanny\stanAIxLaw\data\raw\cases\118510.json
1302705,521 F.3d 1351,cafc,2008-04-03,Lourie,C:\Users\eshan\OneDrive\Desktop\projects\stanny\stanAIxLaw\data\raw\cases\1302705.json
145800,553 U.S. 617,scotus,2008-06-09,Thomas,C:\Users\eshan\OneDrive\Desktop\projects\stanny\stanAIxLaw\data\raw\cases\145800.json
217431,649 F.3d 1276,cafc,2011-05-25,Rader,C:\Users\eshan\OneDrive\Desktop\projects\stanny\stanAIxLaw\data\raw\cases\217431.json
2676592,572 U.S. 915,scotus,2014-06-02,Alito,C:\Users\eshan\OneDrive\Desktop\projects\stanny\stanAIxLaw\data\raw\cases\2676592.json
2757602,773 F.3d 1201,cafc,2014-12-04,O'Malley,C:\Users\eshan\OneDrive\Desktop\projects\stanny\stanAIxLaw\data\raw\cases\2757602.json
2769437,776 F.3d 837,cafc,2015-01-13,Prost,C:\Users\eshan\OneDrive\Desktop\projects\stanny\stanAIxLaw\data\raw\cases\2769437.json
2827019,797 F.3d 1020,cafc,2015-08-13,,C:\Users\eshan\OneDrive\Desktop\projects\stanny\stanAIxLaw\data\raw\cases\2827019.json
2851310,800 F.3d 1366,cafc,2015-09-04,O'Malley,C:\Users\eshan\OneDrive\Desktop\projects\stanny\stanAIxLaw\data\raw\cases\2851310.json
3159695,809 F.3d 1295,cafc,2015-12-03,Prost,C:\Users\eshan\OneDrive\Desktop\projects\stanny\stanAIxLaw\data\raw\cases\3159695.json
3212516,579 U.S. 93,scotus,2016-06-13,Roberts,C:\Users\eshan\OneDrive\Desktop\projects\stanny\stanAIxLaw\data\raw\cases\3212516.json
4036603,838 F.3d 1253,cafc,2016-09-23,Bryson,C:\Users\eshan\OneDrive\Desktop\projects\stanny\stanAIxLaw\data\raw\cases\4036603.json
4172497,581 U.S. 360,scotus,2017-05-30,John G. Roberts,C:\Users\eshan\OneDrive\Desktop\projects\stanny\stanAIxLaw\data\raw\cases\4172497.json
4190033,864 F.3d 1343,cafc,2017-07-27,Newman,C:\Users\eshan\OneDrive\Desktop\projects\stanny\stanAIxLaw\data\raw\cases\4190033.json
4216822,874 F.3d 1329,cafc,2017-11-01,Reyna,C:\Users\eshan\OneDrive\Desktop\projects\stanny\stanAIxLaw\data\raw\cases\4216822.json
4269449,584 U.S. 325,scotus,2018-04-24,Clarence Thomas,C:\Users\eshan\OneDrive\Desktop\projects\stanny\stanAIxLaw\data\raw\cases\4269449.json
4277369,890 F.3d 1272,cafc,2018-05-22,Reyna,C:\Users\eshan\OneDrive\Desktop\projects\stanny\stanAIxLaw\data\raw\cases\4277369.json
4381863,920 F.3d 759,cafc,2019-03-28,Prost,C:\Users\eshan\OneDrive\Desktop\projects\stanny\stanAIxLaw\data\raw\cases\4381863.json
4426252,934 F.3d 1373,cafc,2019-08-16,Lourie,C:\Users\eshan\OneDrive\Desktop\projects\stanny\stanAIxLaw\data\raw\cases\4426252.json
4431709,935 F.3d 1341,cafc,2019-08-21,Chen,C:\Users\eshan\OneDrive\Desktop\projects\stanny\stanAIxLaw\data\raw\cases\4431709.json
4526979,590 U.S. 45,scotus,2020-04-20,Ginsburg,C:\Users\eshan\OneDrive\Desktop\projects\stanny\stanAIxLaw\data\raw\cases\4526979.json
806583,687 F.3d 1377,cafc,2012-08-14,Rader,C:\Users\eshan\OneDrive\Desktop\projects\stanny\stanAIxLaw\data\raw\cases\806583.json
8410870,898 F.3d 1161,cafc,2018-05-15,Taranto,C:\Users\eshan\OneDrive\Desktop\projects\stanny\stanAIxLaw\data\raw\cases\8410870.json
8411115,521 F.3d 1351,cafc,2008-04-03,Prost,C:\Users\eshan\OneDrive\Desktop\projects\stanny\stanAIxLaw\data\raw\cases\8411115.json
8413607,797 F.3d 1020,cafc,2015-08-13,Dyk,C:\Users\eshan\OneDrive\Desktop\projects\stanny\stanAIxLaw\data\raw\cases\8413607.json
1212694,543 F.3d 665,cafc,2008-09-22,Bryson,C:\Users\eshan\OneDrive\Desktop\projects\stanny\stanAIxLaw\data\raw\cases\1212694.json
145767,549 U.S. 118,scotus,2007-01-09,Scalia,C:\Users\eshan\OneDrive\Desktop\projects\stanny\stanAIxLaw\data\raw\cases\145767.json
2670810,753 F.3d 1208,cafc,2014-04-22,Rader,C:\Users\eshan\OneDrive\Desktop\projects\stanny\stanAIxLaw\data\raw\cases\2670810.json
858116,713 F.3d 1090,cafc,2013-04-16,Dyk,C:\Users\eshan\OneDrive\Desktop\projects\stanny\stanAIxLaw\data\raw\cases\858116.json
